Channel Name,Channel URL
Anthropic,https://www.youtube.com/channel/UCrDwWp7EBBv4NwvScIpBDOA
AI ART LAB,https://www.youtube.com/channel/UCwOWhKIhf4i7K83CFHHHGkA
くぼあばた,https://www.youtube.com/channel/UCu7gX0rSlXln9UZEJ2OWJXw
Seth A. Robinson,https://www.youtube.com/channel/UCmE1YOUIsAhK1Twrimwe2Jg
Vibe Coding Studio【初心者向け AI 駆動開発】,https://www.youtube.com/channel/UCFosekpr5VnDni4X4h7s_-w
KEITO【AI&WEB ch】,https://www.youtube.com/channel/UCfapRkagDtoQEkGeyD3uERQ
DominikIGabor,https://www.youtube.com/channel/UCAP3gTWigBwJT7ri5EYfUxg
チャエン【AI研究所】〜仕事で使える最新のAI情報を発信〜 Byデジライズ,https://www.youtube.com/channel/UC9buL3Iph_f7AZxdzmiBL8Q
あずきちゃんねる,https://www.youtube.com/channel/UCDJ0AMdC4GB1ndVKsCknyCg
きびまら,https://www.youtube.com/channel/UC2ak0cfMQ4zP3w_Fo-Zj-TA
길리저니,https://www.youtube.com/channel/UCW2kboEjLl_d0HHElYO-2bQ
AI駆動開発ラボ | 大森翔吾,https://www.youtube.com/channel/UCXYZTry5rIQBN9gcIVuFtsQ
ぐっさんの生成AI Lab,https://www.youtube.com/channel/UCsnpplLSIXyFO5vUN6wXxkw
LegalOn Technologies│On Technologies,https://www.youtube.com/channel/UCh20Uo_3_Kprrxe4tLqeAQw
マイロ.ハート.ネネAI物語【年金生活のマイロパパ作】,https://www.youtube.com/channel/UC-kIUCHBw0Vtddrb25nsZ3w
"AI,scary,entertainment",https://www.youtube.com/channel/UChLbk_dYQVEHmEx9w2N4WwA
MIRAICHI miraiのAI活用応援チャンネル ,https://www.youtube.com/channel/UCMbcncqRtzMqDwSI_MvDEHA
三菱UFJ eスマート証券　投資情報専門チャンネル ,https://www.youtube.com/channel/UCGIioIDJyQXfQVcrimZSmlw
Unsupervised Learning: Redpoint's AI Podcast,https://www.youtube.com/channel/UCUl-s_Vp-Kkk_XVyDylNwLA
Microsoft Copilot,https://www.youtube.com/channel/UCnba_sSOe_umiHCpYYvRCqQ
Artificial Fluency Technology,https://www.youtube.com/channel/UC1Eg1yoHyUsLvkUnK5_EW6A
AI大学【AI&ChatGPT最新情報】,https://www.youtube.com/channel/UCXo1SsIDZ_dke2Nr1r3qk6w
Joichi Ito,https://www.youtube.com/channel/UCdpNM_rxeWmHuzqoVDgBayw
AI market,https://www.youtube.com/channel/UCswNRnSQstgW_ePcJWx4zXQ
Elith,https://www.youtube.com/channel/UCsZEwtNmJixTNtSHfYtWIZQ
トム ビジネスマンのAI活用術,https://www.youtube.com/channel/UCANfXpw6tWm-8GIeCv0cITw
にゃんたのAIチャンネル,https://www.youtube.com/channel/UCZQVTC3uLCyuJUOcRlguazA
MUSUBI AI,https://www.youtube.com/channel/UCNwA4Db7w1ttuXJaJ_1CIcA
しょうもAI,https://www.youtube.com/channel/UC2EnlvFJqWNEJIAdE_YRddg
ハム先生のAI教室【最新AI動画ツールを解説】,https://www.youtube.com/channel/UCgwv7JsLDvGTtRdFI4TVRQw
Wes Roth,https://www.youtube.com/channel/UCqcbQf6yw5KzRoDDcZ_wBSw
OpenAI,https://www.youtube.com/channel/UCXZCJLdBC09xxGZ6gcdrc6A
Arielle Phoenix,https://www.youtube.com/channel/UCGdOo5ARCSpxFQ-ssIsgi4Q
ケンジさん - AIビジネス研究所,https://www.youtube.com/channel/UCp7qTB4PB4KZALKjsR6vQaw
まさおAIじっくり解説ch,https://www.youtube.com/channel/UCvHpETRVi1tXeRJoYiXHJqw
Gen AI-creator U.N.,https://www.youtube.com/channel/UCafx1-8HKV5Zt7TkXblk2gA
もしもジブリ風シネマ,https://www.youtube.com/channel/UCxRfzBgI6d-aCmk9I-I5AjA
AIでサボろうチャンネル,https://www.youtube.com/channel/UC9AuyS7U4PxeDSNMJ2srarA
web集客マスター #しょうチャンネル -飯尾昭司-,https://www.youtube.com/channel/UCS8eSDPAJ4L4bQ0L_Mv0ICA
かいちのAI大学【株式会社Saix】,https://www.youtube.com/channel/UCWMrA-2fEycFnOwqzzdwWuQ
AI駆動開発勉強会,https://www.youtube.com/channel/UCTILP8NYy3l5xMb87IkbH3g
匠のガジェットレビュー,https://www.youtube.com/channel/UCtP_Vv13-i561JXk8qDgZ7w
ウェブ職TV,https://www.youtube.com/channel/UClNZUVnSFRKKUfJYarEUqdA
AI人生創造所,https://www.youtube.com/channel/UClVAkfFWGta5NutxVaDQQ0w
Y Combinator,https://www.youtube.com/channel/UCcefcZRL2oaA_uBNeo5UOWg
a16z,https://www.youtube.com/channel/UC9cn0TuPq4dnbTY-CBsm8XA
テレ東BIZ,https://www.youtube.com/channel/UCkKVQ_GNjd8FbAuT6xDcWgg
CamXPetra,https://www.youtube.com/channel/UC5NOsV_-C4Ikr8JxG2CDGgA
ALL AI PODCAST,https://www.youtube.com/channel/UCk0ubJ0ha4IVLAM4nyL4ZSQ
ReHacQ−リハック−【公式】,https://www.youtube.com/channel/UCG_oqDSlIYEspNpd2H4zWhw
Two Minute Papers,https://www.youtube.com/TwoMinutePapers
Matt Wolfe,https://www.youtube.com/@mreflow
AI Explained,https://www.youtube.com/@aiexplained-official
DeepLearning.AI,https://www.youtube.com/DeepLearningAI
リモートワーク研究所【リモ研】,https://www.youtube.com/channel/UCpUQnk6MaY4o3NdgJmv10cw
AI収益化ラボ,https://www.youtube.com/@AI-monetize
TechEliteチャンネル,https://www.youtube.com/@techelite_stocksun
Matthew Berman,https://www.youtube.com/@matthew_berman
David Shapiro,https://www.youtube.com/@DaveShap
The AI Advantage,https://www.youtube.com/@aiadvantage
WorldofAI,https://www.youtube.com/@intheworldofai
All About AI,https://www.youtube.com/@AllAboutAI
Yannic Kilcher,https://www.youtube.com/@YannicKilcher
Krish Naik,https://www.youtube.com/@krishnaik06
CodeWithHarry,https://www.youtube.com/@CodeWithHarry
Aitrepreneur,https://www.youtube.com/@Aitrepreneur
Olivio Sarikas,https://www.youtube.com/@OlivioSarikas
Siraj Raval,https://www.youtube.com/@SirajRaval
iNeuron Intelligence,https://www.youtube.com/@iNeuroniNtelligence
IBM Technology,https://www.youtube.com/@IBMTechnology
The Coding Train,https://www.youtube.com/@TheCodingTrain
Lex Fridman,https://www.youtube.com/@lexfridman
Machine Learning Street Talk,https://www.youtube.com/@MachineLearningStreetTalk
Dwarkesh Patel,https://www.youtube.com/c/DwarkeshPatel
ArXiv Insights,https://www.youtube.com/@ArxivInsights
Google DeepMind,https://www.youtube.com/@googledeepmind
Skill Leap AI,https://www.youtube.com/@SkillLeapAI
Tina Huang,https://www.youtube.com/@TinaHuang
David Ondrej,https://www.youtube.com/@DavidOndrej
Hitesh Choudhary,https://www.youtube.com/@HiteshCodeLab
Nate Herk,https://www.youtube.com/@nateherk
Alex Finn,https://www.youtube.com/@AlexFinnOfficial
Brian Casel,https://www.youtube.com/@briancasel
Patrick Ellis,https://www.youtube.com/@PatrickOakleyEllis
Cole Medin,https://www.youtube.com/@ColeMedin
aiwithbrandon,https://www.youtube.com/@aiwithbrandon
Piyush Garg,https://www.youtube.com/@piyushgargdev
Simplilearn,https://www.youtube.com/@SimplilearnOfficial
Data Science Dojo,https://www.youtube.com/@DataScienceDojo
Abhishek Thakur,https://www.youtube.com/@abhishekkrthakur
Sentdex,https://www.youtube.com/@sentdex
StatQuest with Josh Starmer,https://www.youtube.com/@statquest
3Blue1Brown,https://www.youtube.com/@3blue1brown
Andrej Karpathy,https://www.youtube.com/@AndrejKarpathy
MattVidPro AI,https://www.youtube.com/@MattVidProAI
Tech with Tim,https://www.youtube.com/@TechWithTim
mikimiki web スクール,https://www.youtube.com/@mikimikiweb
PIVOT 公式チャンネル,https://www.youtube.com/@pivot01
Computerphile,https://www.youtube.com/@Computerphile
Jeremy Howard,https://www.youtube.com/@howardjeremyp
DeepLearning.AI,https://www.youtube.com/@Deeplearningai
Google Cloud Tech,https://www.youtube.com/@googlecloudtech
StatQuest with Josh Starmer,https://www.youtube.com/@statquest
IBM Technology,https://www.youtube.com/channel/UCKWaEZ-_V
iNeuron Intelligence,https://www.youtube.com/@iNeuroniNtelligence
The Royal Institution,https://www.youtube.com/channel/UCYeF244yNGuFefuFKqxIAXw
David Ondrej,https://www.youtube.com/@DavidOndrej
Sinix Design,https://www.youtube.com/user/sinixdesign
Sam Witteveen AI,https://www.youtube.com/@samwitteveenai
FreeCodeCamp,https://www.youtube.com/@freecodecamp
Yannic Kilcher,https://www.youtube.com/@YannicKilcher
AI Explained,https://www.youtube.com/@aiexplained-official
Matthew Berman,https://www.youtube.com/@matthew_berman
Wes Roth,https://www.youtube.com/@WesRoth
All About AI,https://www.youtube.com/@AllAboutAI
Siraj Raval,https://www.youtube.com/@SirajRaval
Data School,https://www.youtube.com/@dataschool
Sentdex,https://www.youtube.com/@sentdex
Krish Naik,https://www.youtube.com/@krishnaik06
CodeWithHarry,https://www.youtube.com/@CodeWithHarry
Robert Miles AI Safety,https://www.youtube.com/@RobertMilesAI
Two Minute Papers,https://www.youtube.com/@TwoMinutePapers
Lex Fridman,https://www.youtube.com/@lexfridman
ArXiv Insights,https://www.youtube.com/@ArxivInsights
Springboard,https://www.youtube.com/@Springboard
Ken Jee,https://www.youtube.com/@KenJee_ds
Tina Huang,https://www.youtube.com/@TinaHuang
Boris Stark,https://www.youtube.com/@BorisStark
Fireship,https://www.youtube.com/@Fireship
NetworkChuck,https://www.youtube.com/@NetworkChuck
Kurzgesagt – In a Nutshell,https://www.youtube.com/@kurzgesagt
TED,https://www.youtube.com/TED
Veritasium,https://www.youtube.com/@veritasium
Google,https://www.youtube.com/@Google
ColdFusion,https://www.youtube.com/user/coldfusionchannel
CNET,https://www.youtube.com/cnet
The Verge,https://www.youtube.com/@verge
Boston Dynamics,https://www.youtube.com/@BostonDynamics
Joma Tech,https://www.youtube.com/@jomakaze
NVIDIA,https://www.youtube.com/@NVIDIA
Microsoft,https://www.youtube.com/@Microsoft
Amazon Web Services,https://www.youtube.com/@amazonwebservices
Bloomberg Technology,https://www.youtube.com/@BloombergTechnology
MIT Technology Review,https://www.youtube.com/@technologyreview
OpenAI,https://www.youtube.com/@OpenAI
