ãƒãƒ£ãƒ³ãƒãƒ« ID,ãƒãƒ£ãƒ³ãƒãƒ«ã® URL,ãƒãƒ£ãƒ³ãƒãƒ«ã®ã‚¿ã‚¤ãƒˆãƒ«
UC-BMmo6R55fikE2uQe26uDA,http://www.youtube.com/channel/UC-BMmo6R55fikE2uQe26uDA,FantasticYouth
UC-uMCa7k6dTqftkMnOtTyqw,http://www.youtube.com/channel/UC-uMCa7k6dTqftkMnOtTyqw,æ—¥æœ¬ä¸€æš‡ãªå¤«å©¦ã€ã‚Šã‚Šã¼ã‚“å¤«å©¦ã€‘
UC01kcYpT2NKrrJWkC-h90YQ,http://www.youtube.com/channel/UC01kcYpT2NKrrJWkC-h90YQ,ã€DeNAå…¬å¼ã€‘äº‹æ¥­å®¶ã®DNAã€œäº‹æ¥­å®¶ã‚’ç›®æŒ‡ã™ã‚ãªãŸã¸ã€œ
UC038ST96Lg0E01VVSOCAMnA,http://www.youtube.com/channel/UC038ST96Lg0E01VVSOCAMnA,ã‚†ã£ãã‚Šæœªæ¥channel
UC0J7Yk_O3g1-x-xD7xxAE8Q,http://www.youtube.com/channel/UC0J7Yk_O3g1-x-xD7xxAE8Q,ã‚¹ã‚¿ãƒ“ã‚¸ã€èª°ã§ã‚‚AIãƒ‡ãƒ¼ã‚¿ã‚µã‚¤ã‚¨ãƒ³ã‚¹ã€‘byã‚¦ãƒãŸã‚“
UC0nFKe_NyHM5UUQ5J40ktHA,http://www.youtube.com/channel/UC0nFKe_NyHM5UUQ5J40ktHA,ã‚½ãƒ•ãƒˆãƒãƒ³ã‚¯å…¬å¼ ãƒ“ã‚¸ãƒã‚¹ãƒãƒ£ãƒ³ãƒãƒ«
UC0y4_83yclu2a0YRsYBojtQ,http://www.youtube.com/channel/UC0y4_83yclu2a0YRsYBojtQ,ã‚µãƒ¼ãƒ“ã‚¹çµ‚äº†:ã€å°±æ´»ãƒ•ã‚¡ãƒ¼ãƒ«!ã€‘å°±æ´»æƒ…å ±ãƒãƒ©ã‚¨ãƒ†ã‚£
UC0yQ2h4gQXmVUFWZSqlMVOA,http://www.youtube.com/channel/UC0yQ2h4gQXmVUFWZSqlMVOA,"ã²ã‚ã‚†ã, hiroyuki"
UC1FzbQF-r0xD4T3ALYOhCuA,http://www.youtube.com/channel/UC1FzbQF-r0xD4T3ALYOhCuA,nainai3627
UC1Lp8HbCqOPBMT1W_mjb21A,http://www.youtube.com/channel/UC1Lp8HbCqOPBMT1W_mjb21A,kattyanneru/ã‹ã£ã¡ã‚ƒã‚“ã­ã‚‹
UC1b_S6pKoB6BQayFYHBgYQA,http://www.youtube.com/channel/UC1b_S6pKoB6BQayFYHBgYQA,ç¥æ§˜(ã»ã‚“ã‚‚ã®)
UC1bmnUH1ffc63zohkPvtXcQ,http://www.youtube.com/channel/UC1bmnUH1ffc63zohkPvtXcQ,ãƒ–ãƒ©ã‚¤ãƒˆã‚µã‚¤ãƒ‰ | Bright Side Japan
UC1pMU0_rKL0NrxZ6yi3FJ6Q,http://www.youtube.com/channel/UC1pMU0_rKL0NrxZ6yi3FJ6Q,æœ«æ°¸ é›„å¤§ / ã™ã¹ã‚‰ãªã„è»¢è·ã‚¨ãƒ¼ã‚¸ã‚§ãƒ³ãƒˆ
UC21N6MyjnBFMKacoXc8sSbQ,http://www.youtube.com/channel/UC21N6MyjnBFMKacoXc8sSbQ,ãƒ—ãƒ­ãƒ€ã‚¯ãƒˆãƒãƒãƒ¼ã‚¸ãƒ£ãƒ¼ã‚«ãƒ³ãƒ•ã‚¡ãƒ¬ãƒ³ã‚¹ / pmconf
UC2281CM1zQxR3y1MOvPczTg,http://www.youtube.com/channel/UC2281CM1zQxR3y1MOvPczTg,ãŠã‚‚ã—ã‚ã‚·ãƒ§ãƒ¼ãƒˆTV
UC2ak0cfMQ4zP3w_Fo-Zj-TA,http://www.youtube.com/channel/UC2ak0cfMQ4zP3w_Fo-Zj-TA,ãã³ã¾ã‚‰
UC3GpbpDEr8mp3ZZ8DDO65fg,http://www.youtube.com/channel/UC3GpbpDEr8mp3ZZ8DDO65fg,ä½è—¤èˆªé™½ã®å®‡å®™ä¼šè­°
UC3wEaRK3h93UehXbg9YRcmQ,http://www.youtube.com/channel/UC3wEaRK3h93UehXbg9YRcmQ,ã€Œã‚¿ãƒŒã‚­ã¨ã‚­ãƒ„ãƒã€å…¬å¼YouTubeãƒãƒ£ãƒ³ãƒãƒ«
UC3wfScjfBln-6HeF1tsI6Pw,http://www.youtube.com/channel/UC3wfScjfBln-6HeF1tsI6Pw,ã™ãšã½ã¡
UC4F-DMVCe-UbIsweL6kIEfg,http://www.youtube.com/channel/UC4F-DMVCe-UbIsweL6kIEfg,Around The World 4K
UC4OeUf_KfYRrwksschtRYow,http://www.youtube.com/channel/UC4OeUf_KfYRrwksschtRYow,èŠ±é‹ã‚­ãƒ§ã‚¦*Kyo Hanabasami
UC4Zach93lpwNlkgOtUGqIfQ,http://www.youtube.com/channel/UC4Zach93lpwNlkgOtUGqIfQ,æˆåŠŸã¸ã®é“
UC4hQbfN_ZRy4lSngWxuhHxA,http://www.youtube.com/channel/UC4hQbfN_ZRy4lSngWxuhHxA,ma ko
UC4mtWDkUKCUoOixQ7q6OLEQ,http://www.youtube.com/channel/UC4mtWDkUKCUoOixQ7q6OLEQ,Frieve-A è¬›æ¼”ä¼š
UC5nMwkDwQVfpRtEulzfWyfQ,http://www.youtube.com/channel/UC5nMwkDwQVfpRtEulzfWyfQ,ç”Ÿå­˜æˆ¦ç•¥ã‚³ãƒ¼ãƒ/ã‚¤ã‚±ã‚¬ãƒŸã‚³ãƒ•
UC5u0QPy_0-sLwN3x1uTBAnw,http://www.youtube.com/channel/UC5u0QPy_0-sLwN3x1uTBAnw,ãƒã‚³ãƒˆãƒŸãƒãƒ«ã€æ‹æ„›ç³»VTuberã€‘
UC62eiiijVgSCYcErmIKzYfQ,http://www.youtube.com/channel/UC62eiiijVgSCYcErmIKzYfQ,AIBIS  -AIç”»åƒç”Ÿæˆã‚¬ã‚¤ãƒ‰-
UC6VjNLslXbb6Stl0I2MkQWA,http://www.youtube.com/channel/UC6VjNLslXbb6Stl0I2MkQWA,ã‚¬ãƒ¼ãƒªã‚£ãƒ¬ã‚³ãƒ¼ãƒ‰ãƒãƒ£ãƒ³ãƒãƒ«
UC6lUqvh42Oc3XL19Edgd9QA,http://www.youtube.com/channel/UC6lUqvh42Oc3XL19Edgd9QA,KOJIMA PRODUCTIONS
UC6pk6Bpvh6P16mgpC7BSKZg,http://www.youtube.com/channel/UC6pk6Bpvh6P16mgpC7BSKZg,ã€ã‚Šã‚‡ã†ã¾ã€‘Fãƒ©ãƒ³ä¼šé•· ç†Šè°·æ€œçœŸ
UC72A_x2FKHkJ8Nc2eIzqj8Q,http://www.youtube.com/channel/UC72A_x2FKHkJ8Nc2eIzqj8Q,æ–°å…šã€Œãƒãƒ¼ãƒ ã¿ã‚‰ã„ã€å…¬å¼ãƒãƒ£ãƒ³ãƒãƒ«
UC76hIw05H4DZCurELLKh19A,http://www.youtube.com/channel/UC76hIw05H4DZCurELLKh19A,ãƒãƒ³é…¢ãƒ‘ã‚¹ã‚¿ã€é¾ãŒå¦‚ãåˆ‡ã‚ŠæŠœãã€‘
UC78zfX-wGho3o6MrrnzLzMw,http://www.youtube.com/channel/UC78zfX-wGho3o6MrrnzLzMw,ã™ã—ã‚‰ãƒ¼ã‚ã‚“ã€Šã«ãã€‹â†2nd
UC7LT6gRahCIBd5AO5MUl8dQ,http://www.youtube.com/channel/UC7LT6gRahCIBd5AO5MUl8dQ,æ–™ç†ç ”ç©¶å®¶ã‚†ã‹ã‚Šã®ãŠã†ã¡ã§ç°¡å˜ãƒ¬ã‚·ãƒ” / Yukari's Kitchen
UC7OX9yGXLSJhSocOEVC6SQg,http://www.youtube.com/channel/UC7OX9yGXLSJhSocOEVC6SQg,ã€å ã„ ç„å¡ã€‘ä¹æ˜Ÿ&ã‚¿ãƒ­ãƒƒãƒˆ
UC7UmLmEh9zQW-YV2wCHHJNw,http://www.youtube.com/channel/UC7UmLmEh9zQW-YV2wCHHJNw,ãƒãƒãƒãƒ
UC7ld84zmf7_aIltwk_FE0uQ,http://www.youtube.com/channel/UC7ld84zmf7_aIltwk_FE0uQ,ä½ã¾ã„ã‚µãƒ¼ãƒ•ã‚£ãƒ³ãƒãƒ£ãƒ³ãƒãƒ«
UC7q2KY0kZ2HoAOO9gvHSE1w,http://www.youtube.com/channel/UC7q2KY0kZ2HoAOO9gvHSE1w,creativaier
UC8D_NXFBh8A9KSwo7x-wFdQ,http://www.youtube.com/channel/UC8D_NXFBh8A9KSwo7x-wFdQ,8K VIDEOS ULTRA HD
UC8r-RdJow2c0RcfxexIYieg,http://www.youtube.com/channel/UC8r-RdJow2c0RcfxexIYieg,ã‚¸ãƒ¥ãƒªå…ˆç”Ÿã®ã€Œå¤§äººã®ãƒ¬ãƒƒã‚¹ãƒ³ã€
UC8yHePe_RgUBE-waRWy6olw,http://www.youtube.com/channel/UC8yHePe_RgUBE-waRWy6olw,PIVOT å…¬å¼ãƒãƒ£ãƒ³ãƒãƒ«
UC9V4eJBNx_hOieGG51NZ6nA,http://www.youtube.com/channel/UC9V4eJBNx_hOieGG51NZ6nA,ãƒ•ã‚§ãƒ«ãƒŸæ¼«ç”»å¤§å­¦
UC9buL3Iph_f7AZxdzmiBL8Q,http://www.youtube.com/channel/UC9buL3Iph_f7AZxdzmiBL8Q,ãƒãƒ£ã‚¨ãƒ³ã€AIç ”ç©¶æ‰€ã€‘ã€œä»•äº‹ã§ä½¿ãˆã‚‹æœ€æ–°ã®AIæƒ…å ±ã‚’ç™ºä¿¡ã€œ Byãƒ‡ã‚¸ãƒ©ã‚¤ã‚º
UCASliASL93lb8fdnpFiE3eQ,http://www.youtube.com/channel/UCASliASL93lb8fdnpFiE3eQ,æ—¥æœ¬ãƒã‚¤ã‚¯ãƒ­ã‚½ãƒ•ãƒˆæ ªå¼ä¼šç¤¾ å…¬å¼ãƒãƒ£ãƒ³ãƒãƒ«
UCB2I462xfqMZYF5thdNUFUg,http://www.youtube.com/channel/UCB2I462xfqMZYF5thdNUFUg,ãƒœãƒãƒªã‚¹ãƒˆ
UCBUTR1oO8_IGAQTbB9URWTA,http://www.youtube.com/channel/UCBUTR1oO8_IGAQTbB9URWTA,æƒ…å ±ã®ç¯å°ã€ãƒ†ã‚¯ãƒãƒ­ã‚¸ãƒ¼ã€‘ã‚½ãƒ¼ã‚¹æœ‰ã‚Š
UCBV-qJu74HyGnatEgBXXwXw,http://www.youtube.com/channel/UCBV-qJu74HyGnatEgBXXwXw,Yoshihama Tsutomu (å‰æ¿±ãƒ„ãƒˆãƒ )
UCBrEx8xlBik8STN9XB5nOHQ,http://www.youtube.com/channel/UCBrEx8xlBik8STN9XB5nOHQ,ãƒœã‚¤ã¡ã‚ƒã‚“(ãƒœãƒ¼ã‚¤ã‚ºã¡ã‚ƒã‚“ã­ã‚‹)
UCC4NkFV-L-vVYD5z_Ei5dUA,http://www.youtube.com/channel/UCC4NkFV-L-vVYD5z_Ei5dUA,å­¦è­˜ã‚µãƒ­ãƒ³
UCCHrEGB5l-3uq63F2li4C0w,http://www.youtube.com/channel/UCCHrEGB5l-3uq63F2li4C0w,æ±è°·ç¾©å’Œã®ã‚¬ãƒ¼ã‚·ãƒ¼chã€èŠ¸èƒ½ç•Œã®è£å´ã€‘
UCCVJO-UBTAWmH6sP2V54eVA,http://www.youtube.com/channel/UCCVJO-UBTAWmH6sP2V54eVA,ã¾ã‚ˆãŸã„ãƒ¼çœŸå¤œä¸­ã®å¾…æ©Ÿå®¤ãƒ¼
UCC_G1StxMbvHSIZKcRSOIFA,http://www.youtube.com/channel/UCC_G1StxMbvHSIZKcRSOIFA,åˆå¾Œã®å·¥ä½œ
UCCdYMas73vz6GpmbDuQ7y8g,http://www.youtube.com/channel/UCCdYMas73vz6GpmbDuQ7y8g,è©±é¡Œã®ãƒ„ã‚¤ãƒ¼ãƒˆå¤§è¾å…¸
UCCkmgsl8W18oR6c_W7UZ1lQ,http://www.youtube.com/channel/UCCkmgsl8W18oR6c_W7UZ1lQ,TheSilentWatcher
UCDNvEu0mHE4wMbbrnUL9mOA,http://www.youtube.com/channel/UCDNvEu0mHE4wMbbrnUL9mOA,ãƒ¢ãƒ¢ã‚¦ãƒ¡ã€å…¬å¼ã€‘
UCDSq68VpxcnElKjAvQ6j0bQ,http://www.youtube.com/channel/UCDSq68VpxcnElKjAvQ6j0bQ,ã‚·ãƒã‚¿ãƒŠã‚ªã‚­ã®æ±ºç®—å®Ÿæ³
UCDhTyN5CMWceWg0KeS8wpbg,http://www.youtube.com/channel/UCDhTyN5CMWceWg0KeS8wpbg,å€‹äººãƒãƒ£ãƒ³ãƒãƒ«
UCEENWVBdvDy-QWfuQoXC9HQ,http://www.youtube.com/channel/UCEENWVBdvDy-QWfuQoXC9HQ,Species | Documenting AGI
UCESLZhusAkFfsNsApnjF_Cg,http://www.youtube.com/channel/UCESLZhusAkFfsNsApnjF_Cg,All-In Podcast
UCF7P4f0l_gh_DibDxzxr7ig,http://www.youtube.com/channel/UCF7P4f0l_gh_DibDxzxr7ig,ç”ŸæˆAIã‚¨ãƒ³ã‚¸ãƒ‹ã‚¢å¡¾
UCFDL0NuxUBAvvu1PnIwW2ww,http://www.youtube.com/channel/UCFDL0NuxUBAvvu1PnIwW2ww,Goose house
UCFEwOFWlPNbVprYBsLKWeJA,http://www.youtube.com/channel/UCFEwOFWlPNbVprYBsLKWeJA,é‡åŸç¿¼ / ã¯ã‚Šãƒ¼P
UCFXl12dZUPs7MLy_dMkMZYw,http://www.youtube.com/channel/UCFXl12dZUPs7MLy_dMkMZYw,Dan Takahashi  (Japanese)
UCFo4kqllbcQ4nV83WCyraiw,http://www.youtube.com/channel/UCFo4kqllbcQ4nV83WCyraiw,ä¸­ç”°æ•¦å½¦ã®YouTubeå¤§å­¦ - NAKATA UNIVERSITY
UCFobh9YZBo1NVy63EOWO8xw,http://www.youtube.com/channel/UCFobh9YZBo1NVy63EOWO8xw,ã¡ã¯ã‚‹ãŸ1æ ªã‹ã‚‰ã®æŠ•è³‡ã§ãƒ—ãƒãƒªãƒƒãƒç”Ÿæ´»
UCFso7FM7bmlv5bkVQ3ovvLw,http://www.youtube.com/channel/UCFso7FM7bmlv5bkVQ3ovvLw,ã‚·ãƒ³ãƒ—ãƒªã‚£ãƒ©ã‚¤ãƒ•
UCGlgXjYVoHLD86TQQ799WIw,http://www.youtube.com/channel/UCGlgXjYVoHLD86TQQ799WIw,ã‚­ãƒã‚³ãƒ¼ãƒ‰ / ãƒ—ãƒ­ã‚°ãƒ©ãƒŸãƒ³ã‚°å­¦ç¿’ãƒãƒ£ãƒ³ãƒãƒ«
UCGq-a57w-aPwyi3pW7XLiHw,http://www.youtube.com/channel/UCGq-a57w-aPwyi3pW7XLiHw,The Diary Of A CEO
UCGx5-BW7VSz2xUqp0_eWpIA,http://www.youtube.com/channel/UCGx5-BW7VSz2xUqp0_eWpIA,Wavemastery
UCHXxEc5QCVbiSR0rW9qTacA,http://www.youtube.com/channel/UCHXxEc5QCVbiSR0rW9qTacA,æ–°å®¿ã‚°ãƒ«ãƒ¡ãƒãƒ£ãƒ³ãƒãƒ«
UCHe_JHKM87iqUAXNrQtJDLQ,http://www.youtube.com/channel/UCHe_JHKM87iqUAXNrQtJDLQ,åºƒå‘Šãƒ»ãƒ‡ã‚¸ã‚¿ãƒ«ãƒãƒ¼ã‚±ãƒ†ã‚£ãƒ³ã‚°æ¥­ç•Œè»¢è·ãƒã‚¬ã‚¸ãƒ³ã€Œãƒ‡ã‚¸ã‚­ãƒ£ãƒªã€
UCHfE0nJeZS-Xrj7y0jvvaEw,http://www.youtube.com/channel/UCHfE0nJeZS-Xrj7y0jvvaEw,pontaro #channel
UCHuiy8bXnmK5nisYHUd1J5g,http://www.youtube.com/channel/UCHuiy8bXnmK5nisYHUd1J5g,NVIDIA
UCI18yP-PFkm9DNVGDvZEMXA,http://www.youtube.com/channel/UCI18yP-PFkm9DNVGDvZEMXA,å»¶ãƒ ãƒ¼ãƒ“ãƒ¼
UCIAJgKaEle5GYp2KAQkqe0Q,http://www.youtube.com/channel/UCIAJgKaEle5GYp2KAQkqe0Q,mâ€™s god
UCIKAV57H8lyeOmhkXSpxXGA,http://www.youtube.com/channel/UCIKAV57H8lyeOmhkXSpxXGA,ãƒ—ãƒ­ã‚¤ã‚«ã€ã‚†ã£ãã‚Šè§£èª¬ã€‘
UCISDrqLMNq3w9AZ4otdoRuA,http://www.youtube.com/channel/UCISDrqLMNq3w9AZ4otdoRuA,TECH WORLD
UCITGaCnB_DKgwIvbvWFB2_g,http://www.youtube.com/channel/UCITGaCnB_DKgwIvbvWFB2_g,ã‚†ãƒ¼ã¡ã‚…ã¶
UCIgnGlGkVRhd4qNFcEwLL4A,http://www.youtube.com/channel/UCIgnGlGkVRhd4qNFcEwLL4A,AI Search
UCJ1DVBLVpe4FvBZZ94kreaQ,http://www.youtube.com/channel/UCJ1DVBLVpe4FvBZZ94kreaQ,ã€å…¬å¼ã€‘ãƒãƒ¼ã‚±ãƒƒãƒˆãƒ»ã‚¢ãƒŠãƒ©ã‚¤ã‚º
UCJr--OFc6C9-X0y50tGhPmw,http://www.youtube.com/channel/UCJr--OFc6C9-X0y50tGhPmw,åƒ•ãƒ†ã‚¹ BOKUTES
UCJvkLGwlh5KOveWE2O3-FHg,http://www.youtube.com/channel/UCJvkLGwlh5KOveWE2O3-FHg,jMatsuzaki
UCKOtnsvTg7HLM9kbPfltl-Q,http://www.youtube.com/channel/UCKOtnsvTg7HLM9kbPfltl-Q,ãƒãƒ¼ãƒ ã¿ã‚‰ã„ã®æœªæ¥
UCKaQevFzchUw5TzqjL_tBRQ,http://www.youtube.com/channel/UCKaQevFzchUw5TzqjL_tBRQ,è¶…çŸ¥èƒ½Ã—è¿‘æœªæ¥ç¤¾ä¼š(AIçµŒæ¸ˆå­¦ãƒ»AIæ”¿æ²»å­¦ãƒ»AIç¤¾ä¼šå­¦)
UCKeLWX2vVyJz5NOYod6CgfA,http://www.youtube.com/channel/UCKeLWX2vVyJz5NOYod6CgfA,neweconomycom
UCL0R1XeEqXW28FlYznzYVxg,http://www.youtube.com/channel/UCL0R1XeEqXW28FlYznzYVxg,ã‚¹ã‚¦ã‚£ãƒ³ãƒˆã¨ä¸Šç”°ã•ã‚“
UCLQBznJxfveSI9JbQUd4R-Q,http://www.youtube.com/channel/UCLQBznJxfveSI9JbQUd4R-Q,IBã‚«ãƒ¬ãƒƒã‚¸
UCLapF_KiSMKFWcVdXytOLgA,http://www.youtube.com/channel/UCLapF_KiSMKFWcVdXytOLgA,AI FREAK - æœ€æ–°ã®AIãƒ„ãƒ¼ãƒ«ã‚’ã”ç´¹ä»‹
UCLb-v6n6Gk-ZoRjQ2I-BO-w,http://www.youtube.com/channel/UCLb-v6n6Gk-ZoRjQ2I-BO-w,Belle - Topic
UCMkILyjhk3YhIa-W1lxInNA,http://www.youtube.com/channel/UCMkILyjhk3YhIa-W1lxInNA,æ³¢ç¾…ãƒé¬¼ - Harano Oni -
UCNGl42gLlwmjHGUnpytYr0Q,http://www.youtube.com/channel/UCNGl42gLlwmjHGUnpytYr0Q,ã‚µã‚¯ãƒƒã¨æ·±æ˜ã‚ŠAIãƒ‹ãƒ¥ãƒ¼ã‚¹(Shinano Matsumoto)
UCNJRaN9NIAbCXpDa_hAKd3g,http://www.youtube.com/channel/UCNJRaN9NIAbCXpDa_hAKd3g,å¤§äººã®å­¦ã³ç›´ã—TV
UCNTxclE0N4qsUuirssL_D8w,http://www.youtube.com/channel/UCNTxclE0N4qsUuirssL_D8w,ãƒ—ãƒ­ã‚°ãƒ©ãƒŸãƒ³ã‚°ãƒãƒ¥ãƒ¼ãƒˆãƒªã‚¢ãƒ«
UCNyyfaueYSnekYswF3d7qnw,http://www.youtube.com/channel/UCNyyfaueYSnekYswF3d7qnw,å†…å®šãƒãƒ£ãƒ³ãƒãƒ«
UCOFl0wDeBMSBbK3jNJQHHFg,http://www.youtube.com/channel/UCOFl0wDeBMSBbK3jNJQHHFg,AI Copium
UCOHxDwCcOzBaLkeTazanwcw,http://www.youtube.com/channel/UCOHxDwCcOzBaLkeTazanwcw,Bravos Research
UCOKUn_HxQQTfvhNBBtB404w,http://www.youtube.com/channel/UCOKUn_HxQQTfvhNBBtB404w,é †å¼µã‚Šã•ã‚“ã€FXãƒ»ãƒ“ãƒƒãƒˆã‚³ã‚¤ãƒ³ãƒ»æ ªã€‘
UCOai3JwO_5B07BtXnFyzSJQ,http://www.youtube.com/channel/UCOai3JwO_5B07BtXnFyzSJQ,ã€æœ‰ç›Šã€‘ã‚„ã‚Šç¶šã‘ã‚‹ã‚¤ãƒƒãƒ
UCOlfgN6cCVBvSLvOdQZT0wQ,http://www.youtube.com/channel/UCOlfgN6cCVBvSLvOdQZT0wQ,ä¿è­·çŒ«ã‚«ãƒ•ã‚§ ã‚­ãƒ£ãƒƒãƒˆãƒ­ãƒ¼ãƒ•
UCOy5sLcFLqYNqZ1iurp4dCg,http://www.youtube.com/channel/UCOy5sLcFLqYNqZ1iurp4dCg,è¥¿é‡äº®å»£ / Akihiro Nishino
UCP1vxAJDM8grzBvocWf_FxQ,http://www.youtube.com/channel/UCP1vxAJDM8grzBvocWf_FxQ,å ã„ãƒ©ãƒœ
UCPKbVouzvWhHeVvy0UbsRCQ,http://www.youtube.com/channel/UCPKbVouzvWhHeVvy0UbsRCQ,å‚˜æ‘ãƒˆãƒ¼ã‚¿
UCPL_LYCwWbzW6f3s9qAE7fw,http://www.youtube.com/channel/UCPL_LYCwWbzW6f3s9qAE7fw,ã´ãƒ¼ãã¡ã”ã¯ã‚“
UCPMJKbrxtpARoTd1b49iUvA,http://www.youtube.com/channel/UCPMJKbrxtpARoTd1b49iUvA,æ¥½å¾… RAKUMACHI
UCPz5fwl7Pov3nqmhRjwvvkA,http://www.youtube.com/channel/UCPz5fwl7Pov3nqmhRjwvvkA,Qteen Bear
UCPzT85rwkbo9xj-xy147ueA,http://www.youtube.com/channel/UCPzT85rwkbo9xj-xy147ueA,Events in Japan - Samba Carnival -
UCQC-NfTLC2IZzYlV-hJB3ig,http://www.youtube.com/channel/UCQC-NfTLC2IZzYlV-hJB3ig,ã‘ãƒ¼ã•ã‚“ã¨ãŸã‚ãƒ¼ã¾ã¨ã‚ã€å…¬èªã€‘
UCQC6txNFR5UimgrdZlXtltA,http://www.youtube.com/channel/UCQC6txNFR5UimgrdZlXtltA,ãƒˆãƒ¬ãƒ¼ãƒ©ãƒ¼ãƒã‚¦ã‚¹ ã¶ã£ã¡ãƒ¼ã¡ã‚ƒã‚“ã­ã‚‹
UCQINXHZqCU5i06HzxRkujfg,http://www.youtube.com/channel/UCQINXHZqCU5i06HzxRkujfg,BGM channel
UCQLVjEATeCOOa63RKyS1xzw,http://www.youtube.com/channel/UCQLVjEATeCOOa63RKyS1xzw,æŠ•è³‡ã‚·ãƒŸãƒ¥ãƒ¬ãƒ¼ã‚¿ãƒ¼ã¾ã‚€ã™ã‚“
UCRAcb9n7cEsJHL6S0Ootjzg,http://www.youtube.com/channel/UCRAcb9n7cEsJHL6S0Ootjzg,AIã‚¤ãƒãƒ™ãƒ¼ã‚·ãƒ§ãƒ³ã‚«ãƒ¬ãƒƒã‚¸
UCRDj3fsO4eEwh1yHgRoRiww,http://www.youtube.com/channel/UCRDj3fsO4eEwh1yHgRoRiww,ã‚¦ã‚ºã‚¦ã‚ºã‚«ãƒ¬ãƒƒã‚¸ l ãƒ‡ã‚¸ã‚¿ãƒ«ï¼ˆITãƒ»DXï¼‰åˆ†é‡ã®ãƒªã‚¹ã‚­ãƒªãƒ³ã‚°å°±è·
UCRIs21x56goAuw8S5Y03frQ,http://www.youtube.com/channel/UCRIs21x56goAuw8S5Y03frQ,AI Academy Bootcamp
UCRORfPn0v9r2sT8yTBuhy_g,http://www.youtube.com/channel/UCRORfPn0v9r2sT8yTBuhy_g,Todd Gordon
UCRQX-dpFt_osBpH71ItuuvA,http://www.youtube.com/channel/UCRQX-dpFt_osBpH71ItuuvA,æ¤åæ—æª
UCRVu81f1yhJACyJvtr0Ex0Q,http://www.youtube.com/channel/UCRVu81f1yhJACyJvtr0Ex0Q,ã‚¯ãƒ¬ã‚¤ã‚¸ãƒ¼ã‚³ãƒ³ã‚µãƒ«ãƒ†ã‚£ãƒ³ã‚° ã‚ªãƒ³ãƒ©ã‚¤ãƒ³
UCRYweiP8uasaspbTaQy_taw,http://www.youtube.com/channel/UCRYweiP8uasaspbTaQy_taw,365æ—¥ãã‚‚ã®ã‚¢ãƒ‰ãƒ™ãƒ³ãƒãƒ£ãƒ¼ã‹ã»ã‚Š
UCRf_7nS9lxLZFfK6kJBvK5A,http://www.youtube.com/channel/UCRf_7nS9lxLZFfK6kJBvK5A,ã‚¹ã‚¿ã‚¤ãƒªã‚¹ãƒˆå¤§å±±ã‚·ãƒ¥ãƒ³ã®ãƒ¡ãƒ³ã‚ºæœè¬›åº§
UCS0Nxf1j4Jtfx2i9qTksezg,http://www.youtube.com/channel/UCS0Nxf1j4Jtfx2i9qTksezg,Newbee ~ãƒ†ã‚¯ãƒãƒ­ã‚¸ãƒ¼ãƒ¡ãƒ‡ã‚£ã‚¢~
UCS4gZ0hf6T-rJuJycMnXNNQ,http://www.youtube.com/channel/UCS4gZ0hf6T-rJuJycMnXNNQ,è½åˆé™½ä¸€éŒ²
UCS4zz2k_1eRjJpUHAn07vUA,http://www.youtube.com/channel/UCS4zz2k_1eRjJpUHAn07vUA,ãƒã‚µå†…è—¤
UCSdmV9HW3ou301MBTSGxbjg,http://www.youtube.com/channel/UCSdmV9HW3ou301MBTSGxbjg,Elliott Wave Options
UCSy0UA26broVVErtUnh9AuA,http://www.youtube.com/channel/UCSy0UA26broVVErtUnh9AuA,Samehada
UCSzDpqYQXQnBFiKaV-bt4Rw,http://www.youtube.com/channel/UCSzDpqYQXQnBFiKaV-bt4Rw,Talisman Soundworks
UCTILP8NYy3l5xMb87IkbH3g,http://www.youtube.com/channel/UCTILP8NYy3l5xMb87IkbH3g,AIé§†å‹•é–‹ç™ºå‹‰å¼·ä¼š
UCTSrvRFuPrAlbqyyI7a0b2A,http://www.youtube.com/channel/UCTSrvRFuPrAlbqyyI7a0b2A,Cloud of Relaxation Hawaii
UCTftnkJ6Mkyz5wdX2jozsmw,http://www.youtube.com/channel/UCTftnkJ6Mkyz5wdX2jozsmw,é€Ÿå ±
UCU0JjQr0I0DIRwV8joRIIBA,http://www.youtube.com/channel/UCU0JjQr0I0DIRwV8joRIIBA,ãƒãƒƒã‚¯å¤§å­¦
UCU24pKxlVMzOLFGq8KtuciQ,http://www.youtube.com/channel/UCU24pKxlVMzOLFGq8KtuciQ,Hoang Phuc Nails Drawing
UCUCeZaZeJbEYAAzvMgrKOPQ,http://www.youtube.com/channel/UCUCeZaZeJbEYAAzvMgrKOPQ,Kenshi Yonezu  ç±³æ´¥ç„å¸«
UCUTgXNqRBqR33D5q10DfQXw,http://www.youtube.com/channel/UCUTgXNqRBqR33D5q10DfQXw,ãƒ†ã‚¤ã‚³ã‚¦ãƒšãƒ³ã‚®ãƒ³
UCUfcOVpPoI1By5eWzlwUAnw,http://www.youtube.com/channel/UCUfcOVpPoI1By5eWzlwUAnw,æ—¥æœ¬å†è€ƒï½æ„Ÿå‹•ãƒ»é©šããƒ»æ‡¸å¿µãƒ»å¸Œæœ›
UCUsC1ECrLqvW9Jzw2ROxmSQ,http://www.youtube.com/channel/UCUsC1ECrLqvW9Jzw2ROxmSQ,diffusionã‚‰ã¼
UCVAazEF7j7zuovWpIY-IQTw,http://www.youtube.com/channel/UCVAazEF7j7zuovWpIY-IQTw,clubbedsam
UCVI5WTB8-CmUZoutq_-RzzQ,http://www.youtube.com/channel/UCVI5WTB8-CmUZoutq_-RzzQ,ã‚¹ãƒãƒ¼ãƒˆã‚³ãƒ³ã‚¹ãƒˆãƒ©ã‚¯ã‚·ãƒ§ãƒ³ğŸ„¬  Smart ConstructionğŸ„¬
UCVdB1jiUEGyANZFY-dqoCFg,http://www.youtube.com/channel/UCVdB1jiUEGyANZFY-dqoCFg,ãƒ¨ãƒªãƒŒã‚­DaiGoã€åˆä»£ãƒ¡ãƒ³ã‚¿ãƒªã‚¹ãƒˆDaiGoåˆ‡ã‚ŠæŠœãã€‘
UCW01sMEVYQdhcvkrhbxdBpw,http://www.youtube.com/channel/UCW01sMEVYQdhcvkrhbxdBpw,æ–™ç†ç ”ç©¶å®¶ãƒªãƒ¥ã‚¦ã‚¸ã®ãƒã‚ºãƒ¬ã‚·ãƒ”
UCWMrA-2fEycFnOwqzzdwWuQ,http://www.youtube.com/channel/UCWMrA-2fEycFnOwqzzdwWuQ,ã‹ã„ã¡ã®AIå¤§å­¦ã€æ ªå¼ä¼šç¤¾Saixã€‘
UCWjVy9lv8oRAOaKlfoCXQJQ,http://www.youtube.com/channel/UCWjVy9lv8oRAOaKlfoCXQJQ,é‡‘ç¾é¤¨é€šã‚Šã®è—¤æ‘ã•ã‚“
UCX4WHjeF4RPjEyAsT2tZpkA,http://www.youtube.com/channel/UCX4WHjeF4RPjEyAsT2tZpkA,æ°—å­¦ã¨ãƒ“ã‚¸ãƒã‚¹ äº•ä¸Šè£•ç´€å­
UCXD5JFCn8eaGgj55nZLubcQ,http://www.youtube.com/channel/UCXD5JFCn8eaGgj55nZLubcQ,ã‘ãƒ¼ã•ã‚“ã¨ãŸã‚ãƒ¼
UCXYstYfeIP6cApPZnMmw2jQ,http://www.youtube.com/channel/UCXYstYfeIP6cApPZnMmw2jQ,ãƒ†ã‚¹ãƒ©ã‚¸ã‚ª
UCXZCJLdBC09xxGZ6gcdrc6A,http://www.youtube.com/channel/UCXZCJLdBC09xxGZ6gcdrc6A,OpenAI
UCXo1SsIDZ_dke2Nr1r3qk6w,http://www.youtube.com/channel/UCXo1SsIDZ_dke2Nr1r3qk6w,AIå¤§å­¦ã€AI&ChatGPTæœ€æ–°æƒ…å ±ã€‘
UCXtfTPn6QIPyEUCP1sLz_GA,http://www.youtube.com/channel/UCXtfTPn6QIPyEUCP1sLz_GA,ãƒªã‚¯ãƒ«ãƒ¼ãƒˆ / ã‚¤ãƒ³ãƒ‡ã‚£ãƒ¼ãƒ‰ãƒªã‚¯ãƒ«ãƒ¼ãƒˆãƒ‘ãƒ¼ãƒˆãƒŠãƒ¼ã‚º
UCXvjRTXoDa8tKwdkTaukGug,http://www.youtube.com/channel/UCXvjRTXoDa8tKwdkTaukGug,ãƒãƒ¼ã‚±ãƒƒãƒˆãƒã‚¹ã‚¿ãƒ¼ã‚º
UCY9KXoezyo6cp-YwguOOCcg,http://www.youtube.com/channel/UCY9KXoezyo6cp-YwguOOCcg,ã‚‚ã®ã¥ãã‚Šå¤ªéƒãƒãƒ£ãƒ³ãƒãƒ«
UCYWEbDVnARVHstoh_FusMiQ,http://www.youtube.com/channel/UCYWEbDVnARVHstoh_FusMiQ,ã‚ã„ã©ã‚Šã°ãƒ¼
UCYpJZIecqtBa5yPyEpRmASQ,http://www.youtube.com/channel/UCYpJZIecqtBa5yPyEpRmASQ,ãƒªã‚ºãƒœã‚¯å¥åº·ãƒ€ã‚¤ã‚¨ãƒƒãƒˆã¡ã‚ƒã‚“ã­ã‚‹since1991
UCYrbht7gNUX3xlbGRXjhrnQ,http://www.youtube.com/channel/UCYrbht7gNUX3xlbGRXjhrnQ,æŸåŸè¿… | AIãƒãƒ¼ã‚±ãƒ†ã‚£ãƒ³ã‚°æˆ¦ç•¥
UCYtv1My064sodwuWBDhbQfQ,http://www.youtube.com/channel/UCYtv1My064sodwuWBDhbQfQ,æ–°R25ãƒãƒ£ãƒ³ãƒãƒ«
UCYw34gOa_Aw_2xzZUKJb2Sg,http://www.youtube.com/channel/UCYw34gOa_Aw_2xzZUKJb2Sg,æ°—å­¦9ã‚¬ãƒ¼ãƒ«ã‚º
UCYy0U61IVe6Lq6JrOtPl9wQ,http://www.youtube.com/channel/UCYy0U61IVe6Lq6JrOtPl9wQ,DREAMMATCHPROJECT
UCZuVEN2dEjQINdi4_EYa6jQ,http://www.youtube.com/channel/UCZuVEN2dEjQINdi4_EYa6jQ,Yoichi Ochiai
UC_eVxIPHFZm7oF_gET0x-8Q,http://www.youtube.com/channel/UC_eVxIPHFZm7oF_gET0x-8Q,Google Antigravity
UC_lBU1cNmM-nMWoJ8CyeHyw,http://www.youtube.com/channel/UC_lBU1cNmM-nMWoJ8CyeHyw,USAPAN-TV
UC_vhTMziiwMgfvQRy7o7ilg,http://www.youtube.com/channel/UC_vhTMziiwMgfvQRy7o7ilg,ã¯ãª
UCaEM10elixWwvJ7XMcAtV_Q,http://www.youtube.com/channel/UCaEM10elixWwvJ7XMcAtV_Q,ã²ãã“ã‚‚ã‚Šã‚­ãƒ£ãƒå¬¢
UCaG7jufgiw4p5mphPPVbqhw,http://www.youtube.com/channel/UCaG7jufgiw4p5mphPPVbqhw,ã‚µãƒ©ã‚¿ãƒ¡ã•ã‚“
UCadjs-Yjosp2uQ8C0MMZNQQ,http://www.youtube.com/channel/UCadjs-Yjosp2uQ8C0MMZNQQ,æ‰å´pua
UCaghC0OZwAdidMrbvxkcrPg,http://www.youtube.com/channel/UCaghC0OZwAdidMrbvxkcrPg,PlayStation Japan
UCbc3cZqQzZ-xSohYqAmq7zg,http://www.youtube.com/channel/UCbc3cZqQzZ-xSohYqAmq7zg,AIãƒ¯ã‚¯ãƒ¯ã‚¯å€¶æ¥½éƒ¨
UCboaqA4fwGpljEKeUjO1iVQ,http://www.youtube.com/channel/UCboaqA4fwGpljEKeUjO1iVQ,SHIFT AI ãƒ‹ãƒ¥ãƒ¼ã‚¹
UCbovj-G6wx_7Z-WXn2f4Hpg,http://www.youtube.com/channel/UCbovj-G6wx_7Z-WXn2f4Hpg,è¿«çœŸãƒãƒ£ãƒ³ãƒãƒ«
UCcKgvgfbnCeEsiqZapBRCxg,http://www.youtube.com/channel/UCcKgvgfbnCeEsiqZapBRCxg,ç´ ãƒ‘ãƒ³ãƒ€
UCcQ5QML9wkc-hj8aWEf-NYA,http://www.youtube.com/channel/UCcQ5QML9wkc-hj8aWEf-NYA,å¹³æˆæœ€å¾Œã®å¤æœŸè¬›ç¿’
UCcazU9lfCdGPEy_SKanH6VQ,http://www.youtube.com/channel/UCcazU9lfCdGPEy_SKanH6VQ,çµŒå–¶ã‚³ãƒ³ã‚µãƒ«å¡¾ã€ã‚³ãƒ³ã‚µãƒ«1å¹´ç›®ã¸ã€‘
UCcefcZRL2oaA_uBNeo5UOWg,http://www.youtube.com/channel/UCcefcZRL2oaA_uBNeo5UOWg,Y Combinator
UCcgtg1YyaijQQSzQbChGXag,http://www.youtube.com/channel/UCcgtg1YyaijQQSzQbChGXag,äººã‚’å‹‡æ°—ã¥ã‘ã‚‹è¨€è‘‰
UCd-4ghK4W2vrCNFdGgIAwcQ,http://www.youtube.com/channel/UCd-4ghK4W2vrCNFdGgIAwcQ,ã€è´ãã€‘ãƒ“ã‚¸ãƒã‚¹æ›¸è¦ç´„ãƒãƒ£ãƒ³ãƒãƒ«
UCdT0zrTZB7zIKwnuBJ2BGhQ,http://www.youtube.com/channel/UCdT0zrTZB7zIKwnuBJ2BGhQ,ãƒ©ã‚¤ãƒ•ãƒãƒƒã‚¯ã‚¢ãƒ‹ãƒ¡ãƒ¼ã‚·ãƒ§ãƒ³ - å¿ƒã¨ä½“ã®å¥åº·ãƒãƒ£ãƒ³ãƒãƒ« -
UCdVAniljIFzVF-gZ9MzMbrA,http://www.youtube.com/channel/UCdVAniljIFzVF-gZ9MzMbrA,AIæ‹æ„›æ¼«ç”»ãƒ¯ãƒ³ã‚³ãƒŸ
UCeBwe7MyGkvaYu-AGEmBdHg,http://www.youtube.com/channel/UCeBwe7MyGkvaYu-AGEmBdHg,é¬¼æ»…ã®åå¿œé›†
UCeCmAYh1ylwIsgGrmqaklzg,http://www.youtube.com/channel/UCeCmAYh1ylwIsgGrmqaklzg,TBS CROSS DIG with Bloomberg
UCeRAcc1Xg1S6_MCzahMb_nQ,http://www.youtube.com/channel/UCeRAcc1Xg1S6_MCzahMb_nQ,8K VISION
UCeT23QOLVC27hdv_xLECKWw,http://www.youtube.com/channel/UCeT23QOLVC27hdv_xLECKWw,ãƒãƒ¼ãƒãƒ£ãƒ«ç©ºæ’® ã‚½ãƒ©ãƒšãƒ‡ã‚£ã‚¢
UCeb8Hz3qDUUM-pIBKUpabQw,http://www.youtube.com/channel/UCeb8Hz3qDUUM-pIBKUpabQw,äººç”Ÿãƒã‚ºå‹•ç”»
UCefUtQI68O0NgtVvk_CxjoA,http://www.youtube.com/channel/UCefUtQI68O0NgtVvk_CxjoA,æ—¥çµŒï¼’ï¼’ï¼•å…ˆèª­ã¿ãƒˆãƒ¬ãƒ¼ãƒ‰
UCesKxHDpnauN4u1pyRqidRA,http://www.youtube.com/channel/UCesKxHDpnauN4u1pyRqidRA,ã€AIã‚¹ã‚¯ãƒ¼ãƒ«ã€‘åˆå¿ƒè€…ã‹ã‚‰ã§ã‚‚AIäººæã«
UCfSJLM0qrPbzXnuAATuELhA,http://www.youtube.com/channel/UCfSJLM0qrPbzXnuAATuELhA,èã„ã¦ã‚ã‹ã‚‹æŠ•è³‡æœ¬ãƒãƒ£ãƒ³ãƒãƒ«
UCfTnJmRQP79C4y_BMF_XrlA,http://www.youtube.com/channel/UCfTnJmRQP79C4y_BMF_XrlA,NewsPicks /ãƒ‹ãƒ¥ãƒ¼ã‚ºãƒ”ãƒƒã‚¯ã‚¹
UCfapRkagDtoQEkGeyD3uERQ,http://www.youtube.com/channel/UCfapRkagDtoQEkGeyD3uERQ,KEITOã€AI&WEB chã€‘
UCfmOVtzR4lA_85VIk_Y1Rzw,http://www.youtube.com/channel/UCfmOVtzR4lA_85VIk_Y1Rzw,ãƒ—ãƒ«ãƒ—ãƒ«é›‘è«‡ã‚¯ãƒ©ãƒ–
UCfr_7ZK5vo4Q2H2OkDDTrzw,http://www.youtube.com/channel/UCfr_7ZK5vo4Q2H2OkDDTrzw,MrSpherical Japan (SUBS)
UCftut9Z6S48igRNSQRDpCCg,http://www.youtube.com/channel/UCftut9Z6S48igRNSQRDpCCg,ãƒ´ã‚¡ãƒ³ãƒ“ / Vambi
UCg2DRTDBCz7R46DRbLUJkXw,http://www.youtube.com/channel/UCg2DRTDBCz7R46DRbLUJkXw,ketsunyou
UCg5ZU7dFNu2pmCIBAoaIjAQ,http://www.youtube.com/channel/UCg5ZU7dFNu2pmCIBAoaIjAQ,ã¨ã¿ãƒ“ãƒ‡ã‚ª
UCgGj03aOo5SiP2QAeJ-GitQ,http://www.youtube.com/channel/UCgGj03aOo5SiP2QAeJ-GitQ,Recruit Lifestyle
UCglwS6NANZgUfHzy88sufzA,http://www.youtube.com/channel/UCglwS6NANZgUfHzy88sufzA,Komatsu
UCh20Uo_3_Kprrxe4tLqeAQw,http://www.youtube.com/channel/UCh20Uo_3_Kprrxe4tLqeAQw,LegalOn Technologies
UChB3UnDddahXU7FKZXmpzMA,http://www.youtube.com/channel/UChB3UnDddahXU7FKZXmpzMA,8K Earth
UChHjlVYSthw2tsLNyCHglQQ,http://www.youtube.com/channel/UChHjlVYSthw2tsLNyCHglQQ,STUDY BGM MAKER
UChJwFzoocFdAZas3J9DyGKg,http://www.youtube.com/channel/UChJwFzoocFdAZas3J9DyGKg,å¤©é‡ã“ã†ã‚†ã†æ³•è©±ãƒãƒ£ãƒ³ãƒãƒ«
UChrOf5sWNDSSZiJy9Yx88uw,http://www.youtube.com/channel/UChrOf5sWNDSSZiJy9Yx88uw,éå…¬å¼ ãƒ¼ è½åˆé™½ä¸€å¡¾ã€è½åˆå¡¾ã€‘
UChxyO2t2AanExNEPE6JinHw,http://www.youtube.com/channel/UChxyO2t2AanExNEPE6JinHw,TOMã€æŠ•è³‡ã€‘
UCiMwbmcCSMORJ-85XWhStBw,http://www.youtube.com/channel/UCiMwbmcCSMORJ-85XWhStBw,å®‰é‡è²´åšã®è‡ªç”±ç ”ç©¶
UCjLBXoQdZUnJgl-nGAX6iJQ,http://www.youtube.com/channel/UCjLBXoQdZUnJgl-nGAX6iJQ,ã²ã‚ã‚¨ãƒ³ã‚¸ãƒ‹ã‚¢ç¤¾é•· / AIå¤§å…¨
UCjYYEbg2ICSqjrlJ7nn8Cdw,http://www.youtube.com/channel/UCjYYEbg2ICSqjrlJ7nn8Cdw,ã‚¢ã‚¯ã‚»ãƒ«ãƒ›ãƒ¼ãƒ ä»£ã€…æœ¨åº—
UCk0ubJ0ha4IVLAM4nyL4ZSQ,http://www.youtube.com/channel/UCk0ubJ0ha4IVLAM4nyL4ZSQ,ALL AI PODCAST
UCk8HTeS7wRRam6nEKZkH1eA,http://www.youtube.com/channel/UCk8HTeS7wRRam6nEKZkH1eA,1äººå‰é£Ÿå ‚
UCkKVQ_GNjd8FbAuT6xDcWgg,http://www.youtube.com/channel/UCkKVQ_GNjd8FbAuT6xDcWgg,ãƒ†ãƒ¬æ±BIZ
UCkYwF_zIyVqtDG_n3roqegQ,http://www.youtube.com/channel/UCkYwF_zIyVqtDG_n3roqegQ,çˆ†é€Ÿã‚µãƒ©ãƒªãƒ¼ãƒãƒ³ã®ã‚»ãƒŸãƒªã‚¿ã‚¤ã‚¢
UCl-P_l0oiJ0a_30_s6c6KMA,http://www.youtube.com/channel/UCl-P_l0oiJ0a_30_s6c6KMA,ã­ã¥ã£ã¡ãƒãƒ£ãƒ³ãƒãƒ«
UCl9jrOSfw6VxDMqaKY_yblw,http://www.youtube.com/channel/UCl9jrOSfw6VxDMqaKY_yblw,ãŠãã‚ƒã‚“ãƒãƒ£ãƒ³ãƒãƒ«äºŒä»£ç›®
UClXDG2vqjCRVMabih9JliBg,http://www.youtube.com/channel/UClXDG2vqjCRVMabih9JliBg,æ‹ãƒˆãƒ¬å¤§å­¦ / åœŸæ©‹å„ªæ¨¹
UCljYHFazflmGaDr5Lo90KmA,http://www.youtube.com/channel/UCljYHFazflmGaDr5Lo90KmA,ã™ã—ã‚‰ãƒ¼ã‚ã‚“ã€Šã‚Šãã€‹
UCm5pEuCJ4joI4aPnpMIBaDQ,http://www.youtube.com/channel/UCm5pEuCJ4joI4aPnpMIBaDQ,ã‚·ãƒ¥ãƒ³ã‚¹ã‚±å¼AIãƒ©ãƒœ
UCmhN9JRR9fcFzxgjnW3VDpw,http://www.youtube.com/channel/UCmhN9JRR9fcFzxgjnW3VDpw,ã‚Šã‚“ãªã¡ã‚ƒã‚“ã­ã‚‹ã€AITuberã€‘
UCmr-3xtixLI8NcBfv33yZoQ,http://www.youtube.com/channel/UCmr-3xtixLI8NcBfv33yZoQ,èµ·æ¥­ã®å±¥æ­´æ›¸
UCmr9bYmymcBmQ1p2tLBRvwg,http://www.youtube.com/channel/UCmr9bYmymcBmQ1p2tLBRvwg,æ«»å‚46 OFFICIAL YouTube CHANNEL
UCnUdhofhFN2RotPou4a55_w,http://www.youtube.com/channel/UCnUdhofhFN2RotPou4a55_w,ä¿ºã®ãƒ—ãƒ­ãƒ€ã‚¯ãƒˆ(ã‚·ã‚¹ãƒ†ãƒ ãƒ»IT)é–‹ç™ºç”¨èªè¾å…¸
UCntvqJUV00agueCf5h-y-Sw,http://www.youtube.com/channel/UCntvqJUV00agueCf5h-y-Sw,Belle  Official  YouTube Channel
UCoXwW4MijGlU6yEWXITgYKQ,http://www.youtube.com/channel/UCoXwW4MijGlU6yEWXITgYKQ,è—¤ç™½ã‚Šã‚Š
UCofDVUhF9o5ztMdlLRyPw4g,http://www.youtube.com/channel/UCofDVUhF9o5ztMdlLRyPw4g,ã²ãã¾æµITé“å ´ã€ãƒ—ãƒ­ã‚°ãƒ©ãƒŸãƒ³ã‚°ãƒ»ã‚·ã‚¹ãƒ†ãƒ é–‹ç™ºãƒ»SIerã€‘
UCoorcrpmcdrB6F7GsBZVX0A,http://www.youtube.com/channel/UCoorcrpmcdrB6F7GsBZVX0A,GLOBISå­¦ã³æ”¾é¡ŒÃ—çŸ¥è¦‹éŒ²
UCpjkoFRJo-Hx1D2PXi4eo-Q,http://www.youtube.com/channel/UCpjkoFRJo-Hx1D2PXi4eo-Q,æ±‚äººã‚µãƒ¼ãƒ“ã‚¹æ´è­·ä¼š
UCpsDJin8MZKIaIxtKlcK25g,http://www.youtube.com/channel/UCpsDJin8MZKIaIxtKlcK25g,ç‰§é‡è°· è¼MAKINOYA AKIRAã€ä¸­å°ä¼æ¥­è¨ºæ–­å£«ãƒ»è¡Œæ”¿æ›¸å£«ã€‘
UCqXtChOSxeP6DVZJROprWBg,http://www.youtube.com/channel/UCqXtChOSxeP6DVZJROprWBg,ãƒ•ã‚§ãƒ«ãƒŸãŠé‡‘å¤§å­¦
UCqvaXJ1K3HheTPNjH-KpwXQ,http://www.youtube.com/channel/UCqvaXJ1K3HheTPNjH-KpwXQ,Principles by Ray Dalio
UCqvaqxGePQWvXMAi9-524uA,http://www.youtube.com/channel/UCqvaqxGePQWvXMAi9-524uA,æ¸©æ³‰å¥³å­ä¼šå…¬å¼
UCrB3o4Nw-DFxtpXCpXcDxOQ,http://www.youtube.com/channel/UCrB3o4Nw-DFxtpXCpXcDxOQ,ã‚¨ãƒªã‚«ã®3åˆ†ãƒ–ãƒƒã‚­ãƒ³ã‚°ã€æœ¬ã€‘è¦ç´„ãƒ»è§£èª¬
UCrDwWp7EBBv4NwvScIpBDOA,http://www.youtube.com/channel/UCrDwWp7EBBv4NwvScIpBDOA,Anthropic
UCrXSVX9a1mj8l0CMLwKgMVw,http://www.youtube.com/channel/UCrXSVX9a1mj8l0CMLwKgMVw,AI Jason
UCs-jgVyevP6JFptqQSBiBNw,http://www.youtube.com/channel/UCs-jgVyevP6JFptqQSBiBNw,ãƒˆã‚­ãƒŸãƒ¤ Games
UCs89ZeRQoK3anJrwyzAFWpQ,http://www.youtube.com/channel/UCs89ZeRQoK3anJrwyzAFWpQ,ã‚¤ã‚ªãƒ³ãƒªãƒ¼ãƒ‰åˆ¶ä½œæ‰€
UCsEr_JTkJ6cLeXbIuUxpXRw,http://www.youtube.com/channel/UCsEr_JTkJ6cLeXbIuUxpXRw,h o
UCsgAKiIXf0wwlxOhudQKbkw,http://www.youtube.com/channel/UCsgAKiIXf0wwlxOhudQKbkw,MarusanCH~ãƒªã‚¯ãƒ«ãƒ¼ãƒˆã¸ã®è»¢è·æˆåŠŸã«ç‰¹åŒ–ã—ãŸè»¢è·ã‚¨ãƒ¼ã‚¸ã‚§ãƒ³ãƒˆã€20ä»£è»¢è·ã€‘~
UCt3cjuHrJRLAkmePjfvurmg,http://www.youtube.com/channel/UCt3cjuHrJRLAkmePjfvurmg,ã»ãƒ¼ã¿ãƒ¼ãš
UCtEF7alFSzZFo2MKy5RAKZw,http://www.youtube.com/channel/UCtEF7alFSzZFo2MKy5RAKZw,Deep Chill Music
UCtadcNeydAUCkcUF5t5YNtw,http://www.youtube.com/channel/UCtadcNeydAUCkcUF5t5YNtw,ãƒ†ãƒ¬æ±AIã‚¢ã‚«ãƒ‡ãƒŸãƒ¼ã€å…¬å¼ã€‘
UCti6dG0zSAetLGGYcgNML4Q,http://www.youtube.com/channel/UCti6dG0zSAetLGGYcgNML4Q,ã—ã¾ã¶ãƒ¼ã®ITå¤§å­¦
UCtjRA-7EuBmyWMyty1HZAPQ,http://www.youtube.com/channel/UCtjRA-7EuBmyWMyty1HZAPQ,ä¸­å³¶è¡ã®Life is Beautiful
UCtpJJpXnmHgI6ecoz-KyB5w,http://www.youtube.com/channel/UCtpJJpXnmHgI6ecoz-KyB5w,NVIDIA JAPAN
UCtugWOg4u2SyuenPfeO1xYQ,http://www.youtube.com/channel/UCtugWOg4u2SyuenPfeO1xYQ,The WAVE TVã€AIã®ç‹¬è‡ªè§£èª¬ãƒãƒ£ãƒ³ãƒãƒ«ã€‘
UCuH86yHxc288QnX4MuGSCOw,http://www.youtube.com/channel/UCuH86yHxc288QnX4MuGSCOw,æµ·é£›
UCvHpETRVi1tXeRJoYiXHJqw,http://www.youtube.com/channel/UCvHpETRVi1tXeRJoYiXHJqw,ã¾ã•ãŠAIã˜ã£ãã‚Šè§£èª¬ch
UCvKGIuuEvZIcCQwd7DjE4lg,http://www.youtube.com/channel/UCvKGIuuEvZIcCQwd7DjE4lg,listoryã€ãƒªã‚¹ãƒˆãƒ¼ãƒªãƒ¼ã€‘
UCvYJ-NswuQUxJPmEmvBXqxA,http://www.youtube.com/channel/UCvYJ-NswuQUxJPmEmvBXqxA,ãƒãƒ¼ãƒˆ ãƒã‚°ã‚µã®æœªæ¥å‰µé€ ãƒ‘ãƒ¼ã‚¯
UCvdlpyp8ILevZ9UxJHuJzhA,http://www.youtube.com/channel/UCvdlpyp8ILevZ9UxJHuJzhA,Trip Meditation - relaxing music & 4k video
UCvxCGKv4WSq49LfNIfZEEtg,http://www.youtube.com/channel/UCvxCGKv4WSq49LfNIfZEEtg,Lisa Crosbie
UCwF6VEVY4juiUXYwCGn84rA,http://www.youtube.com/channel/UCwF6VEVY4juiUXYwCGn84rA,Anonymous /ã‚¢ãƒãƒ‹ãƒã‚¹
UCwFKhojo_LEZh_mqgUoXwmA,http://www.youtube.com/channel/UCwFKhojo_LEZh_mqgUoXwmA,HINAğŸ‘¸ğŸ»ã²ãªã¡
UCwTk9STAIznJprH-jrzcqgw,http://www.youtube.com/channel/UCwTk9STAIznJprH-jrzcqgw,ã‚ãªãŸã®ç†æƒ³ä¸å‹•ç”£
UCwjx6ZG4pwCvAPSozYEWymA,http://www.youtube.com/channel/UCwjx6ZG4pwCvAPSozYEWymA,ã‚¨ãƒ³ã‚¸ãƒ‹ã‚¢è»¢è·ãƒãƒ£ãƒ³ãƒãƒ«ã€RUNTEQå…¬å¼ã€‘
UCxIhrizwm_tZrkQ9fphEQig,http://www.youtube.com/channel/UCxIhrizwm_tZrkQ9fphEQig,å®šæ™‚ã§å¸°ã‚‹ãŸã‚ã®ã€Œå€‹äººDXã€ãƒãƒ£ãƒ³ãƒãƒ«
UCyQBzBnqVI_3awRUUn4Lkgw,http://www.youtube.com/channel/UCyQBzBnqVI_3awRUUn4Lkgw,Clarence Dehaven
UCyWp9HWdXiUD2nmJMJ0DY_A,http://www.youtube.com/channel/UCyWp9HWdXiUD2nmJMJ0DY_A,å¤©æ–‡ç‰©ç†å­¦è€…BossB
UCyZqmzG9tVOm42olvYk2MTg,http://www.youtube.com/channel/UCyZqmzG9tVOm42olvYk2MTg,æ ªå¼ä¼šç¤¾ãƒªã‚¯ãƒ«ãƒ¼ãƒˆã‚­ãƒ£ãƒªã‚¢ æ¡ç”¨
UCyjuFsbclXyntSRMBAILzbw,http://www.youtube.com/channel/UCyjuFsbclXyntSRMBAILzbw,2CELLOS
UCyoWEyTZYFq4ocAMwBHEgBA,http://www.youtube.com/channel/UCyoWEyTZYFq4ocAMwBHEgBA,Japan Elliott Wave Research Instituteæ—¥æœ¬ã‚¨ãƒªã‚ªãƒƒãƒˆæ³¢å‹•ç ”ç©¶æ‰€
UCz08JXiYf-T7V3e55ezilDg,http://www.youtube.com/channel/UCz08JXiYf-T7V3e55ezilDg,ã—ã‚ƒã‚“ã±ã‚“ã®ã‚²ãƒ¼ãƒ ch
UCzYhXMtIFjOvadmB3xEB-Pw,http://www.youtube.com/channel/UCzYhXMtIFjOvadmB3xEB-Pw,Ady ASEX
UCzhFASYte7zGWIgVS7PgUaA,http://www.youtube.com/channel/UCzhFASYte7zGWIgVS7PgUaA,é«˜ç”°è³‡ç”£ã‚³ãƒ³ã‚µãƒ«





